sweep,value,implementation,repetition,seconds,samples,epochs,batch_size,layers
batch_size,32,CPU,1,0.4299246,16384,1,32,256x256x256
batch_size,32,CPU,2,0.4319925,16384,1,32,256x256x256
batch_size,32,CPU,3,0.4349675,16384,1,32,256x256x256
batch_size,32,GPU,1,0.7862622,16384,1,32,256x256x256
batch_size,32,GPU,2,0.7861093,16384,1,32,256x256x256
batch_size,32,GPU,3,0.7784614,16384,1,32,256x256x256
batch_size,32,GPU fused,1,0.5937779,16384,1,32,256x256x256
batch_size,32,GPU fused,2,0.5900823,16384,1,32,256x256x256
batch_size,32,GPU fused,3,0.5845546,16384,1,32,256x256x256
batch_size,64,CPU,1,0.2641282,16384,1,64,256x256x256
batch_size,64,CPU,2,0.2614468,16384,1,64,256x256x256
batch_size,64,CPU,3,0.2628655,16384,1,64,256x256x256
batch_size,64,GPU,1,0.400466,16384,1,64,256x256x256
batch_size,64,GPU,2,0.3981346,16384,1,64,256x256x256
batch_size,64,GPU,3,0.3940488,16384,1,64,256x256x256
batch_size,64,GPU fused,1,0.2953019,16384,1,64,256x256x256
batch_size,64,GPU fused,2,0.3014344,16384,1,64,256x256x256
batch_size,64,GPU fused,3,0.2991392,16384,1,64,256x256x256
batch_size,128,CPU,1,0.1762735,16384,1,128,256x256x256
batch_size,128,CPU,2,0.1752854,16384,1,128,256x256x256
batch_size,128,CPU,3,0.175273,16384,1,128,256x256x256
batch_size,128,GPU,1,0.2292331,16384,1,128,256x256x256
batch_size,128,GPU,2,0.2310805,16384,1,128,256x256x256
batch_size,128,GPU,3,0.2268611,16384,1,128,256x256x256
batch_size,128,GPU fused,1,0.1848651,16384,1,128,256x256x256
batch_size,128,GPU fused,2,0.183765,16384,1,128,256x256x256
batch_size,128,GPU fused,3,0.1754059,16384,1,128,256x256x256
batch_size,256,CPU,1,0.1364336,16384,1,256,256x256x256
batch_size,256,CPU,2,0.1369561,16384,1,256,256x256x256
batch_size,256,CPU,3,0.1377119,16384,1,256,256x256x256
batch_size,256,GPU,1,0.1253773,16384,1,256,256x256x256
batch_size,256,GPU,2,0.1216914,16384,1,256,256x256x256
batch_size,256,GPU,3,0.119259,16384,1,256,256x256x256
batch_size,256,GPU fused,1,0.096748,16384,1,256,256x256x256
batch_size,256,GPU fused,2,0.0985138,16384,1,256,256x256x256
batch_size,256,GPU fused,3,0.0988484,16384,1,256,256x256x256
batch_size,512,CPU,1,0.1186914,16384,1,512,256x256x256
batch_size,512,CPU,2,0.1133362,16384,1,512,256x256x256
batch_size,512,CPU,3,0.1124616,16384,1,512,256x256x256
batch_size,512,GPU,1,0.0772085,16384,1,512,256x256x256
batch_size,512,GPU,2,0.0723075,16384,1,512,256x256x256
batch_size,512,GPU,3,0.0712822,16384,1,512,256x256x256
batch_size,512,GPU fused,1,0.0716978,16384,1,512,256x256x256
batch_size,512,GPU fused,2,0.0632299,16384,1,512,256x256x256
batch_size,512,GPU fused,3,0.0624657,16384,1,512,256x256x256
batch_size,1024,CPU,1,0.1025847,16384,1,1024,256x256x256
batch_size,1024,CPU,2,0.1076465,16384,1,1024,256x256x256
batch_size,1024,CPU,3,0.1052646,16384,1,1024,256x256x256
batch_size,1024,GPU,1,0.0514386,16384,1,1024,256x256x256
batch_size,1024,GPU,2,0.0494516,16384,1,1024,256x256x256
batch_size,1024,GPU,3,0.0480929,16384,1,1024,256x256x256
batch_size,1024,GPU fused,1,0.043177,16384,1,1024,256x256x256
batch_size,1024,GPU fused,2,0.0428301,16384,1,1024,256x256x256
batch_size,1024,GPU fused,3,0.0442489,16384,1,1024,256x256x256
layer_width,32,CPU,1,0.0396974,16384,1,256,32x32x32
layer_width,32,CPU,2,0.0406221,16384,1,256,32x32x32
layer_width,32,CPU,3,0.0401451,16384,1,256,32x32x32
layer_width,32,GPU,1,0.1110617,16384,1,256,32x32x32
layer_width,32,GPU,2,0.1135182,16384,1,256,32x32x32
layer_width,32,GPU,3,0.1286271,16384,1,256,32x32x32
layer_width,32,GPU fused,1,0.0939511,16384,1,256,32x32x32
layer_width,32,GPU fused,2,0.1198294,16384,1,256,32x32x32
layer_width,32,GPU fused,3,0.1290492,16384,1,256,32x32x32
layer_width,64,CPU,1,0.0658225,16384,1,256,64x64x64
layer_width,64,CPU,2,0.0703776,16384,1,256,64x64x64
layer_width,64,CPU,3,0.0663301,16384,1,256,64x64x64
layer_width,64,GPU,1,0.1424529,16384,1,256,64x64x64
layer_width,64,GPU,2,0.1451341,16384,1,256,64x64x64
layer_width,64,GPU,3,0.141348,16384,1,256,64x64x64
layer_width,64,GPU fused,1,0.1214367,16384,1,256,64x64x64
layer_width,64,GPU fused,2,0.1217441,16384,1,256,64x64x64
layer_width,64,GPU fused,3,0.119536,16384,1,256,64x64x64
layer_width,128,CPU,1,0.1003489,16384,1,256,128x128x128
layer_width,128,CPU,2,0.093153,16384,1,256,128x128x128
layer_width,128,CPU,3,0.0881041,16384,1,256,128x128x128
layer_width,128,GPU,1,0.1500516,16384,1,256,128x128x128
layer_width,128,GPU,2,0.1497581,16384,1,256,128x128x128
layer_width,128,GPU,3,0.1566141,16384,1,256,128x128x128
layer_width,128,GPU fused,1,0.1307568,16384,1,256,128x128x128
layer_width,128,GPU fused,2,0.1246145,16384,1,256,128x128x128
layer_width,128,GPU fused,3,0.1265876,16384,1,256,128x128x128
layer_width,256,CPU,1,0.1743491,16384,1,256,256x256x256
layer_width,256,CPU,2,0.16432,16384,1,256,256x256x256
layer_width,256,CPU,3,0.1608909,16384,1,256,256x256x256
layer_width,256,GPU,1,0.1544276,16384,1,256,256x256x256
layer_width,256,GPU,2,0.1583059,16384,1,256,256x256x256
layer_width,256,GPU,3,0.1567259,16384,1,256,256x256x256
layer_width,256,GPU fused,1,0.1264681,16384,1,256,256x256x256
layer_width,256,GPU fused,2,0.1283836,16384,1,256,256x256x256
layer_width,256,GPU fused,3,0.1247546,16384,1,256,256x256x256
layer_width,512,CPU,1,0.3585954,16384,1,256,512x512x512
layer_width,512,CPU,2,0.3402247,16384,1,256,512x512x512
layer_width,512,CPU,3,0.3419097,16384,1,256,512x512x512
layer_width,512,GPU,1,0.1621279,16384,1,256,512x512x512
layer_width,512,GPU,2,0.165656,16384,1,256,512x512x512
layer_width,512,GPU,3,0.1594191,16384,1,256,512x512x512
layer_width,512,GPU fused,1,0.1437861,16384,1,256,512x512x512
layer_width,512,GPU fused,2,0.1364191,16384,1,256,512x512x512
layer_width,512,GPU fused,3,0.1401935,16384,1,256,512x512x512
layer_width,1024,CPU,1,0.9841065,16384,1,256,1024x1024x1024
layer_width,1024,CPU,2,0.9844894,16384,1,256,1024x1024x1024
layer_width,1024,CPU,3,0.9930967,16384,1,256,1024x1024x1024
layer_width,1024,GPU,1,0.1959396,16384,1,256,1024x1024x1024
layer_width,1024,GPU,2,0.193081,16384,1,256,1024x1024x1024
layer_width,1024,GPU,3,0.1944562,16384,1,256,1024x1024x1024
layer_width,1024,GPU fused,1,0.1670701,16384,1,256,1024x1024x1024
layer_width,1024,GPU fused,2,0.1734207,16384,1,256,1024x1024x1024
layer_width,1024,GPU fused,3,0.1634138,16384,1,256,1024x1024x1024
depth,1,CPU,1,0.0899879,16384,1,256,256
depth,1,CPU,2,0.0889679,16384,1,256,256
depth,1,CPU,3,0.0889717,16384,1,256,256
depth,1,GPU,1,0.1109326,16384,1,256,256
depth,1,GPU,2,0.1139403,16384,1,256,256
depth,1,GPU,3,0.1119058,16384,1,256,256
depth,1,GPU fused,1,0.0904605,16384,1,256,256
depth,1,GPU fused,2,0.0875526,16384,1,256,256
depth,1,GPU fused,3,0.0965907,16384,1,256,256
depth,2,CPU,1,0.1259976,16384,1,256,256x256
depth,2,CPU,2,0.1343755,16384,1,256,256x256
depth,2,CPU,3,0.1282404,16384,1,256,256x256
depth,2,GPU,1,0.1283024,16384,1,256,256x256
depth,2,GPU,2,0.1308298,16384,1,256,256x256
depth,2,GPU,3,0.1394365,16384,1,256,256x256
depth,2,GPU fused,1,0.1224172,16384,1,256,256x256
depth,2,GPU fused,2,0.1092678,16384,1,256,256x256
depth,2,GPU fused,3,0.1084628,16384,1,256,256x256
depth,3,CPU,1,0.1539324,16384,1,256,256x256x256
depth,3,CPU,2,0.1520221,16384,1,256,256x256x256
depth,3,CPU,3,0.1507718,16384,1,256,256x256x256
depth,3,GPU,1,0.1499558,16384,1,256,256x256x256
depth,3,GPU,2,0.1514266,16384,1,256,256x256x256
depth,3,GPU,3,0.150926,16384,1,256,256x256x256
depth,3,GPU fused,1,0.1307343,16384,1,256,256x256x256
depth,3,GPU fused,2,0.1416406,16384,1,256,256x256x256
depth,3,GPU fused,3,0.1350657,16384,1,256,256x256x256
depth,4,CPU,1,0.1857275,16384,1,256,256x256x256x256
depth,4,CPU,2,0.1860894,16384,1,256,256x256x256x256
depth,4,CPU,3,0.1878887,16384,1,256,256x256x256x256
depth,4,GPU,1,0.1766301,16384,1,256,256x256x256x256
depth,4,GPU,2,0.1738518,16384,1,256,256x256x256x256
depth,4,GPU,3,0.189368,16384,1,256,256x256x256x256
depth,4,GPU fused,1,0.135739,16384,1,256,256x256x256x256
depth,4,GPU fused,2,0.1398189,16384,1,256,256x256x256x256
depth,4,GPU fused,3,0.1392185,16384,1,256,256x256x256x256
depth,6,CPU,1,0.2561963,16384,1,256,256x256x256x256x256x256
depth,6,CPU,2,0.2627212,16384,1,256,256x256x256x256x256x256
depth,6,CPU,3,0.2646307,16384,1,256,256x256x256x256x256x256
depth,6,GPU,1,0.2112357,16384,1,256,256x256x256x256x256x256
depth,6,GPU,2,0.209146,16384,1,256,256x256x256x256x256x256
depth,6,GPU,3,0.2116557,16384,1,256,256x256x256x256x256x256
depth,6,GPU fused,1,0.1684381,16384,1,256,256x256x256x256x256x256
depth,6,GPU fused,2,0.1751833,16384,1,256,256x256x256x256x256x256
depth,6,GPU fused,3,0.1695477,16384,1,256,256x256x256x256x256x256
depth,8,CPU,1,0.3235591,16384,1,256,256x256x256x256x256x256x256x256
depth,8,CPU,2,0.3309127,16384,1,256,256x256x256x256x256x256x256x256
depth,8,CPU,3,0.326138,16384,1,256,256x256x256x256x256x256x256x256
depth,8,GPU,1,0.2516883,16384,1,256,256x256x256x256x256x256x256x256
depth,8,GPU,2,0.2486755,16384,1,256,256x256x256x256x256x256x256x256
depth,8,GPU,3,0.25213,16384,1,256,256x256x256x256x256x256x256x256
depth,8,GPU fused,1,0.1931015,16384,1,256,256x256x256x256x256x256x256x256
depth,8,GPU fused,2,0.2072593,16384,1,256,256x256x256x256x256x256x256x256
depth,8,GPU fused,3,0.1928466,16384,1,256,256x256x256x256x256x256x256x256
epochs,1,CPU,1,0.1523827,16384,1,256,256x256x256
epochs,1,CPU,2,0.1514508,16384,1,256,256x256x256
epochs,1,CPU,3,0.1505963,16384,1,256,256x256x256
epochs,1,GPU,1,0.1499186,16384,1,256,256x256x256
epochs,1,GPU,2,0.1559407,16384,1,256,256x256x256
epochs,1,GPU,3,0.151725,16384,1,256,256x256x256
epochs,1,GPU fused,1,0.1233352,16384,1,256,256x256x256
epochs,1,GPU fused,2,0.1263206,16384,1,256,256x256x256
epochs,1,GPU fused,3,0.1257668,16384,1,256,256x256x256
epochs,2,CPU,1,0.295424,16384,2,256,256x256x256
epochs,2,CPU,2,0.3039066,16384,2,256,256x256x256
epochs,2,CPU,3,0.297509,16384,2,256,256x256x256
epochs,2,GPU,1,0.2830437,16384,2,256,256x256x256
epochs,2,GPU,2,0.2840709,16384,2,256,256x256x256
epochs,2,GPU,3,0.283506,16384,2,256,256x256x256
epochs,2,GPU fused,1,0.2282264,16384,2,256,256x256x256
epochs,2,GPU fused,2,0.2295592,16384,2,256,256x256x256
epochs,2,GPU fused,3,0.2317707,16384,2,256,256x256x256
epochs,4,CPU,1,0.5852715,16384,4,256,256x256x256
epochs,4,CPU,2,0.591537,16384,4,256,256x256x256
epochs,4,CPU,3,0.5850181,16384,4,256,256x256x256
epochs,4,GPU,1,0.5756607,16384,4,256,256x256x256
epochs,4,GPU,2,0.5647351,16384,4,256,256x256x256
epochs,4,GPU,3,0.5654229,16384,4,256,256x256x256
epochs,4,GPU fused,1,0.4592819,16384,4,256,256x256x256
epochs,4,GPU fused,2,0.4634274,16384,4,256,256x256x256
epochs,4,GPU fused,3,0.4510432,16384,4,256,256x256x256
epochs,8,CPU,1,1.182484,16384,8,256,256x256x256
epochs,8,CPU,2,1.1689409,16384,8,256,256x256x256
epochs,8,CPU,3,1.1793065,16384,8,256,256x256x256
epochs,8,GPU,1,1.146428,16384,8,256,256x256x256
epochs,8,GPU,2,1.1310373,16384,8,256,256x256x256
epochs,8,GPU,3,1.1145224,16384,8,256,256x256x256
epochs,8,GPU fused,1,0.9076514,16384,8,256,256x256x256
epochs,8,GPU fused,2,0.9038963,16384,8,256,256x256x256
epochs,8,GPU fused,3,0.8959823,16384,8,256,256x256x256
epochs,16,CPU,1,2.3520388,16384,16,256,256x256x256
epochs,16,CPU,2,2.3285405,16384,16,256,256x256x256
epochs,16,CPU,3,2.3269071,16384,16,256,256x256x256
epochs,16,GPU,1,2.2973104,16384,16,256,256x256x256
epochs,16,GPU,2,2.2454395,16384,16,256,256x256x256
epochs,16,GPU,3,2.234621,16384,16,256,256x256x256
epochs,16,GPU fused,1,1.7958165,16384,16,256,256x256x256
epochs,16,GPU fused,2,1.8190427,16384,16,256,256x256x256
epochs,16,GPU fused,3,1.8402745,16384,16,256,256x256x256
